payment_id,order_id,payment_date,payment_method,amount_paid,payment_status
1,124,2023-02-09,Credit Card,0,Pending
2,449,2023-02-09,COD,25651,Paid
3,475,2023-02-09,UPI,0,Failed
4,210,2023-02-09,COD,0,Pending
5,6,2024-12-02,Credit Card,0,Failed
6,1,2021-06-16,COD,0,Failed
7,297,2023-02-09,Credit Card,17815,Paid
8,379,2023-02-09,Credit Card,33149,Paid
9,147,2023-02-09,COD,0,Pending
10,68,2022-08-24,Debit Card,0,Failed
11,546,2023-02-09,COD,0,Pending
12,303,2023-02-09,Credit Card,0,Failed
13,110,2023-02-09,COD,0,Pending
14,44,2021-01-23,Debit Card,0,Pending
15,281,2023-02-09,Credit Card,0,Failed
16,232,2023-02-09,COD,17815,Paid
17,506,2023-02-09,Credit Card,8711,Paid
18,7,2022-11-11,Debit Card,0,Failed
19,456,2023-02-09,COD,0,Pending
20,461,2023-02-09,Credit Card,0,Pending
21,421,2023-02-09,Debit Card,0,Failed
22,118,2023-02-09,UPI,17109,Paid
23,348,2023-02-09,UPI,11991,Paid
24,72,2024-06-22,COD,0,Failed
25,531,2023-02-09,UPI,0,Pending
26,498,2023-02-09,Debit Card,8711,Paid
27,438,2023-02-09,Credit Card,0,Failed
28,126,2023-02-09,COD,0,Failed
29,127,2023-02-09,Credit Card,17109,Paid
30,216,2023-02-09,Debit Card,0,Pending
31,111,2023-02-09,Debit Card,17109,Paid
32,153,2023-02-09,Debit Card,17109,Paid
33,392,2023-02-09,Debit Card,25651,Paid
34,531,2023-02-09,Credit Card,8711,Paid
35,514,2023-02-09,Debit Card,0,Pending
36,324,2023-02-09,UPI,0,Failed
37,49,2022-04-07,Debit Card,17700,Paid
38,255,2023-02-09,COD,0,Pending
39,173,2023-02-09,COD,0,Failed
40,469,2023-02-09,Credit Card,0,Failed
41,101,2023-02-09,COD,17700,Paid
42,549,2023-02-09,Credit Card,8711,Paid
43,284,2023-02-09,COD,0,Pending
44,6,2024-12-02,Credit Card,0,Pending
45,412,2023-02-09,Debit Card,0,Failed
46,62,2024-05-26,Credit Card,0,Pending
47,260,2023-02-09,Credit Card,17815,Paid
48,333,2023-02-09,COD,17815,Paid
49,73,2024-07-03,Debit Card,0,Pending
50,480,2023-02-09,COD,0,Pending
51,421,2023-02-09,COD,0,Failed
52,105,2023-02-09,Debit Card,0,Pending
53,64,2021-10-01,UPI,17700,Paid
54,50,2022-08-16,UPI,0,Pending
55,507,2023-02-09,COD,8711,Paid
56,249,2023-02-09,Credit Card,17815,Paid
57,134,2023-02-09,UPI,0,Failed
58,83,2021-07-07,COD,17700,Paid
59,19,2021-06-22,Credit Card,0,Failed
60,394,2023-02-09,Credit Card,0,Failed
61,306,2023-02-09,Credit Card,17815,Paid
62,145,2023-02-09,COD,0,Failed
63,377,2023-02-09,Debit Card,33149,Paid
64,356,2023-02-09,UPI,0,Pending
65,85,2023-11-18,Credit Card,0,Pending
66,234,2023-02-09,UPI,17815,Paid
67,274,2023-02-09,Debit Card,0,Failed
68,186,2023-02-09,Debit Card,0,Failed
69,354,2023-02-09,Credit Card,33149,Paid
70,273,2023-02-09,Credit Card,0,Pending
71,112,2023-02-09,COD,17109,Paid
72,464,2023-02-09,Credit Card,25651,Paid
73,195,2023-02-09,COD,17109,Paid
74,448,2023-02-09,COD,25651,Paid
75,283,2023-02-09,UPI,0,Failed
76,177,2023-02-09,Debit Card,0,Pending
77,504,2023-02-09,UPI,0,Pending
78,281,2023-02-09,Credit Card,0,Failed
79,19,2021-06-22,COD,0,Pending
80,444,2023-02-09,COD,25651,Paid
81,162,2023-02-09,UPI,17109,Paid
82,39,2024-12-14,Debit Card,0,Pending
83,29,2021-02-27,COD,0,Pending
84,224,2023-02-09,COD,0,Failed
85,399,2023-02-09,UPI,0,Failed
86,163,2023-02-09,Credit Card,0,Failed
87,110,2023-02-09,COD,0,Pending
88,471,2023-02-09,COD,0,Pending
89,157,2023-02-09,Debit Card,17109,Paid
90,159,2023-02-09,Debit Card,0,Pending
91,202,2023-02-09,Credit Card,0,Failed
92,268,2023-02-09,UPI,0,Pending
93,214,2023-02-09,Debit Card,17815,Paid
94,449,2023-02-09,Credit Card,0,Pending
95,96,2025-05-26,Credit Card,17700,Paid
96,159,2023-02-09,COD,0,Pending
97,344,2023-02-09,COD,0,Failed
98,454,2023-02-09,Credit Card,0,Pending
99,48,2024-12-03,UPI,17700,Paid
100,72,2024-06-22,Debit Card,0,Pending
101,391,2023-02-09,COD,25651,Paid
102,66,2023-04-08,Credit Card,0,Failed
103,278,2023-02-09,UPI,0,Failed
104,76,2021-01-21,Credit Card,0,Pending
105,82,2022-04-15,COD,0,Pending
106,48,2024-12-03,UPI,0,Failed
107,165,2023-02-09,Debit Card,0,Pending
108,250,2023-02-09,Credit Card,0,Failed
109,75,2025-02-25,Debit Card,0,Failed
110,62,2024-05-26,Debit Card,0,Failed
111,380,2023-02-09,Debit Card,0,Failed
112,283,2023-02-09,COD,0,Failed
113,236,2023-02-09,Debit Card,17815,Paid
114,537,2023-02-09,COD,0,Failed
115,500,2023-02-09,UPI,0,Failed
116,190,2023-02-09,UPI,0,Failed
117,94,2022-12-04,UPI,0,Pending
118,399,2023-02-09,COD,0,Failed
119,535,2023-02-09,UPI,8711,Paid
120,163,2023-02-09,Credit Card,0,Pending
121,14,2023-05-12,Debit Card,0,Pending
122,548,2023-02-09,UPI,0,Failed
123,368,2023-02-09,Debit Card,33149,Paid
124,187,2023-02-09,Credit Card,17109,Paid
125,350,2023-02-09,COD,0,Failed
126,9,2021-05-09,Credit Card,0,Pending
127,364,2023-02-09,COD,0,Failed
128,478,2023-02-09,Debit Card,0,Pending
129,492,2023-02-09,UPI,0,Pending
130,327,2023-02-09,Credit Card,0,Failed
131,246,2023-02-09,Credit Card,0,Pending
132,191,2023-02-09,COD,0,Failed
133,209,2023-02-09,UPI,17815,Paid
134,129,2023-02-09,COD,0,Pending
135,434,2023-02-09,UPI,0,Failed
136,98,2024-01-14,UPI,17700,Paid
137,313,2023-02-09,UPI,0,Failed
138,395,2023-02-09,Credit Card,0,Failed
139,24,2023-01-29,COD,0,Failed
140,503,2023-02-09,Debit Card,8711,Paid
141,537,2023-02-09,Debit Card,0,Failed
142,451,2023-02-09,COD,25651,Paid
143,158,2023-02-09,COD,0,Pending
144,403,2023-02-09,Debit Card,0,Pending
145,350,2023-02-09,UPI,33149,Paid
146,13,2021-02-02,Credit Card,0,Failed
147,184,2023-02-09,Debit Card,0,Failed
148,27,2024-09-11,UPI,0,Pending
149,17,2025-04-20,Credit Card,17700,Paid
150,231,2023-02-09,COD,0,Failed
151,143,2023-02-09,UPI,0,Failed
152,304,2023-02-09,Credit Card,0,Pending
153,525,2023-02-09,COD,8711,Paid
154,22,2022-11-30,Debit Card,17700,Paid
155,198,2023-02-09,COD,0,Pending
156,19,2021-06-22,COD,0,Failed
157,78,2021-04-25,Debit Card,17700,Paid
158,169,2023-02-09,COD,0,Failed
159,108,2023-02-09,UPI,0,Pending
160,220,2023-02-09,Credit Card,0,Pending
161,457,2023-02-09,Credit Card,25651,Paid
162,227,2023-02-09,Credit Card,17815,Paid
163,2,2023-03-05,Credit Card,0,Failed
164,321,2023-02-09,Credit Card,0,Pending
165,4,2023-10-15,Credit Card,0,Failed
166,138,2023-02-09,Debit Card,0,Failed
167,432,2023-02-09,Debit Card,25651,Paid
168,412,2023-02-09,COD,0,Pending
169,461,2023-02-09,Debit Card,0,Failed
170,127,2023-02-09,COD,17109,Paid
171,60,2021-02-13,UPI,0,Failed
172,418,2023-02-09,Debit Card,0,Failed
173,96,2025-05-26,Debit Card,0,Pending
174,102,2023-02-09,Credit Card,0,Failed
175,439,2023-02-09,Credit Card,0,Pending
176,525,2023-02-09,Debit Card,0,Pending
177,163,2023-02-09,COD,17109,Paid
178,486,2023-02-09,Debit Card,0,Pending
179,20,2022-09-26,Credit Card,0,Failed
180,327,2023-02-09,Debit Card,0,Pending
181,61,2024-01-12,UPI,0,Failed
182,13,2021-02-02,COD,0,Pending
183,207,2023-02-09,COD,0,Pending
184,273,2023-02-09,COD,0,Failed
185,242,2023-02-09,COD,0,Failed
186,65,2024-07-17,UPI,0,Failed
187,436,2023-02-09,COD,0,Pending
188,34,2025-07-13,Debit Card,0,Pending
189,271,2023-02-09,UPI,17815,Paid
190,244,2023-02-09,UPI,17815,Paid
191,469,2023-02-09,UPI,0,Failed
192,266,2023-02-09,Debit Card,0,Pending
193,115,2023-02-09,UPI,0,Pending
194,505,2023-02-09,Credit Card,0,Pending
195,166,2023-02-09,Debit Card,0,Failed
196,29,2021-02-27,Credit Card,0,Failed
197,43,2024-01-29,UPI,0,Pending
198,260,2023-02-09,Credit Card,0,Failed
199,146,2023-02-09,COD,17109,Paid
200,147,2023-02-09,UPI,0,Failed
201,385,2023-02-09,Credit Card,0,Failed
202,73,2024-07-03,Debit Card,0,Pending
203,448,2023-02-09,UPI,25651,Paid
204,196,2023-02-09,UPI,17109,Paid
205,191,2023-02-09,UPI,0,Failed
206,531,2023-02-09,Debit Card,0,Pending
207,231,2023-02-09,UPI,0,Failed
208,26,2023-04-24,Credit Card,0,Failed
209,440,2023-02-09,Debit Card,0,Pending
210,7,2022-11-11,Debit Card,0,Pending
211,326,2023-02-09,Credit Card,0,Pending
212,195,2023-02-09,Credit Card,17109,Paid
213,30,2024-10-17,Debit Card,0,Pending
214,523,2023-02-09,Credit Card,8711,Paid
215,243,2023-02-09,Credit Card,0,Failed
216,517,2023-02-09,COD,0,Pending
217,423,2023-02-09,COD,0,Pending
218,469,2023-02-09,COD,0,Failed
219,348,2023-02-09,UPI,11991,Paid
220,440,2023-02-09,Credit Card,0,Failed
221,487,2023-02-09,UPI,8711,Paid
222,310,2023-02-09,COD,17815,Paid
223,415,2023-02-09,Credit Card,25651,Paid
224,227,2023-02-09,UPI,0,Failed
225,540,2023-02-09,COD,8711,Paid
226,320,2023-02-09,UPI,0,Pending
227,181,2023-02-09,Debit Card,0,Pending
228,136,2023-02-09,UPI,0,Pending
229,547,2023-02-09,COD,8711,Paid
230,163,2023-02-09,Debit Card,0,Pending
231,304,2023-02-09,Credit Card,17815,Paid
232,334,2023-02-09,Credit Card,0,Pending
233,22,2022-11-30,UPI,17700,Paid
234,326,2023-02-09,Debit Card,0,Failed
235,102,2023-02-09,COD,17700,Paid
236,414,2023-02-09,UPI,25651,Paid
237,229,2023-02-09,UPI,0,Pending
238,19,2021-06-22,COD,0,Failed
239,207,2023-02-09,COD,0,Failed
240,446,2023-02-09,Debit Card,0,Failed
241,385,2023-02-09,Debit Card,25651,Paid
242,290,2023-02-09,Debit Card,0,Pending
243,173,2023-02-09,COD,0,Failed
244,105,2023-02-09,UPI,0,Pending
245,66,2023-04-08,UPI,17700,Paid
246,169,2023-02-09,UPI,17109,Paid
247,160,2023-02-09,UPI,0,Pending
248,254,2023-02-09,Debit Card,0,Pending
249,485,2023-02-09,Credit Card,8711,Paid
250,334,2023-02-09,COD,0,Failed
251,165,2023-02-09,Credit Card,0,Failed
252,74,2021-04-16,Debit Card,0,Failed
253,382,2023-02-09,Debit Card,33149,Paid
254,295,2023-02-09,Credit Card,0,Failed
255,434,2023-02-09,UPI,0,Pending
256,264,2023-02-09,Credit Card,0,Pending
257,331,2023-02-09,UPI,0,Failed
258,526,2023-02-09,Debit Card,8711,Paid
259,214,2023-02-09,Credit Card,0,Pending
260,529,2023-02-09,UPI,0,Pending
261,163,2023-02-09,Debit Card,0,Pending
262,98,2024-01-14,Debit Card,0,Pending
263,413,2023-02-09,Debit Card,0,Failed
264,25,2021-11-12,Debit Card,17700,Paid
265,323,2023-02-09,UPI,0,Failed
266,481,2023-02-09,Debit Card,8711,Paid
267,307,2023-02-09,Debit Card,0,Pending
268,120,2023-02-09,UPI,0,Pending
269,227,2023-02-09,Credit Card,0,Failed
270,461,2023-02-09,UPI,25651,Paid
271,182,2023-02-09,Credit Card,0,Pending
272,348,2023-02-09,UPI,11991,Paid
273,285,2023-02-09,COD,0,Failed
274,489,2023-02-09,Credit Card,8711,Paid
275,512,2023-02-09,COD,0,Failed
276,227,2023-02-09,Credit Card,17815,Paid
277,423,2023-02-09,Credit Card,25651,Paid
278,332,2023-02-09,UPI,0,Failed
279,300,2023-02-09,Credit Card,17815,Paid
280,160,2023-02-09,Debit Card,0,Failed
281,223,2023-02-09,UPI,0,Pending
282,424,2023-02-09,UPI,0,Pending
283,63,2023-07-21,UPI,0,Pending
284,55,2024-06-11,Credit Card,0,Failed
285,28,2022-09-17,UPI,0,Failed
286,40,2021-04-21,UPI,0,Failed
287,435,2023-02-09,COD,25651,Paid
288,202,2023-02-09,UPI,0,Failed
289,195,2023-02-09,Credit Card,0,Pending
290,301,2023-02-09,Credit Card,0,Failed
291,477,2023-02-09,Debit Card,8711,Paid
292,31,2022-09-02,UPI,0,Pending
293,265,2023-02-09,COD,0,Failed
294,259,2023-02-09,UPI,17815,Paid
295,306,2023-02-09,Credit Card,17815,Paid
296,6,2024-12-02,COD,0,Failed
297,429,2023-02-09,UPI,0,Failed
298,519,2023-02-09,Debit Card,0,Failed
299,260,2023-02-09,Credit Card,17815,Paid
300,546,2023-02-09,COD,0,Failed
301,60,2021-02-13,Credit Card,17700,Paid
302,7,2022-11-11,COD,0,Failed
303,347,2023-02-09,UPI,0,Pending
304,84,2022-10-07,Credit Card,17700,Paid
305,114,2023-02-09,UPI,0,Failed
306,82,2022-04-15,Debit Card,0,Pending
307,315,2023-02-09,Debit Card,0,Pending
308,430,2023-02-09,Credit Card,25651,Paid
309,32,2022-11-20,UPI,17700,Paid
310,465,2023-02-09,Debit Card,0,Pending
311,381,2023-02-09,Debit Card,0,Failed
312,123,2023-02-09,UPI,0,Pending
313,546,2023-02-09,COD,0,Failed
314,386,2023-02-09,COD,0,Failed
315,129,2023-02-09,Credit Card,17109,Paid
316,285,2023-02-09,Debit Card,0,Pending
317,532,2023-02-09,Credit Card,8711,Paid
318,248,2023-02-09,UPI,0,Pending
319,73,2024-07-03,Credit Card,17700,Paid
320,27,2024-09-11,Debit Card,0,Pending
321,5,2023-01-15,Debit Card,0,Failed
322,71,2025-01-15,Credit Card,0,Pending
323,214,2023-02-09,Debit Card,17815,Paid
324,533,2023-02-09,Credit Card,8711,Paid
325,446,2023-02-09,COD,25651,Paid
326,520,2023-02-09,UPI,8711,Paid
327,410,2023-02-09,UPI,0,Failed
328,52,2021-01-31,Debit Card,17700,Paid
329,493,2023-02-09,Debit Card,0,Failed
330,206,2023-02-09,COD,14163,Paid
331,125,2023-02-09,UPI,0,Pending
332,407,2023-02-09,COD,25651,Paid
333,282,2023-02-09,Credit Card,0,Failed
334,90,2024-04-05,UPI,0,Failed
335,307,2023-02-09,Debit Card,0,Pending
336,139,2023-02-09,Debit Card,17109,Paid
337,145,2023-02-09,Debit Card,0,Pending
338,452,2023-02-09,COD,25651,Paid
339,194,2023-02-09,Debit Card,0,Failed
340,57,2022-11-06,UPI,0,Pending
341,406,2023-02-09,Debit Card,0,Failed
342,147,2023-02-09,Credit Card,0,Pending
343,271,2023-02-09,COD,17815,Paid
344,261,2023-02-09,Credit Card,17815,Paid
345,251,2023-02-09,UPI,0,Pending
346,270,2023-02-09,Credit Card,17815,Paid
347,106,2023-02-09,Credit Card,17700,Paid
348,532,2023-02-09,UPI,0,Failed
349,164,2023-02-09,Credit Card,0,Failed
350,17,2025-04-20,COD,0,Failed
351,267,2023-02-09,Debit Card,17815,Paid
352,114,2023-02-09,Credit Card,0,Pending
353,394,2023-02-09,COD,0,Pending
354,69,2022-12-01,UPI,0,Failed
355,171,2023-02-09,Debit Card,0,Failed
356,334,2023-02-09,Debit Card,17815,Paid
357,72,2024-06-22,Credit Card,0,Failed
358,127,2023-02-09,UPI,0,Failed
359,72,2024-06-22,Credit Card,0,Pending
360,131,2023-02-09,COD,0,Failed
361,475,2023-02-09,Debit Card,0,Pending
362,270,2023-02-09,COD,0,Pending
363,320,2023-02-09,COD,0,Failed
364,521,2023-02-09,COD,0,Pending
365,33,2023-05-14,Debit Card,0,Failed
366,291,2023-02-09,Credit Card,0,Pending
367,236,2023-02-09,UPI,17815,Paid
368,32,2022-11-20,Credit Card,0,Failed
369,448,2023-02-09,UPI,0,Failed
370,491,2023-02-09,COD,8711,Paid
371,27,2024-09-11,UPI,0,Failed
372,395,2023-02-09,COD,25651,Paid
373,368,2023-02-09,Credit Card,0,Pending
374,115,2023-02-09,Debit Card,0,Failed
375,108,2023-02-09,Credit Card,17109,Paid
376,265,2023-02-09,COD,0,Failed
377,64,2021-10-01,COD,0,Failed
378,381,2023-02-09,UPI,0,Failed
379,9,2021-05-09,UPI,0,Failed
380,228,2023-02-09,Debit Card,0,Pending
381,457,2023-02-09,Debit Card,0,Pending
382,257,2023-02-09,Debit Card,17815,Paid
383,361,2023-02-09,COD,0,Pending
384,76,2021-01-21,Credit Card,17700,Paid
385,535,2023-02-09,Credit Card,0,Pending
386,86,2022-03-01,COD,0,Pending
387,316,2023-02-09,Credit Card,17815,Paid
388,308,2023-02-09,COD,0,Pending
389,160,2023-02-09,Debit Card,0,Pending
390,145,2023-02-09,Debit Card,0,Failed
391,320,2023-02-09,Debit Card,0,Failed
392,33,2023-05-14,COD,0,Pending
393,495,2023-02-09,COD,0,Failed
394,305,2023-02-09,Debit Card,17815,Paid
395,186,2023-02-09,Debit Card,17109,Paid
396,339,2023-02-09,Credit Card,0,Failed
397,433,2023-02-09,Credit Card,0,Pending
398,436,2023-02-09,Credit Card,25651,Paid
399,261,2023-02-09,Debit Card,17815,Paid
400,340,2023-02-09,Debit Card,0,Failed
401,323,2023-02-09,COD,0,Failed
402,79,2025-08-02,Debit Card,0,Pending
403,535,2023-02-09,Credit Card,0,Failed
404,110,2023-02-09,Debit Card,17109,Paid
405,11,2023-10-23,UPI,0,Failed
406,465,2023-02-09,Debit Card,0,Pending
407,495,2023-02-09,COD,8711,Paid
408,326,2023-02-09,COD,0,Failed
409,223,2023-02-09,COD,17815,Paid
410,121,2023-02-09,COD,0,Pending
411,332,2023-02-09,COD,0,Pending
412,27,2024-09-11,COD,0,Failed
413,169,2023-02-09,Credit Card,0,Failed
414,257,2023-02-09,Credit Card,0,Failed
415,357,2023-02-09,Debit Card,33149,Paid
416,549,2023-02-09,Debit Card,0,Pending
417,249,2023-02-09,Debit Card,0,Failed
418,127,2023-02-09,Debit Card,0,Pending
419,204,2023-02-09,Credit Card,17109,Paid
420,367,2023-02-09,COD,33149,Paid
421,233,2023-02-09,Credit Card,17815,Paid
422,447,2023-02-09,Debit Card,0,Failed
423,232,2023-02-09,UPI,0,Pending
424,144,2023-02-09,Credit Card,17109,Paid
425,252,2023-02-09,Debit Card,0,Pending
426,412,2023-02-09,UPI,25651,Paid
427,366,2023-02-09,Debit Card,0,Pending
428,45,2021-11-10,UPI,0,Pending
429,314,2023-02-09,Debit Card,0,Pending
430,397,2023-02-09,UPI,0,Failed
431,123,2023-02-09,UPI,0,Pending
432,139,2023-02-09,COD,17109,Paid
433,161,2023-02-09,UPI,0,Pending
434,368,2023-02-09,UPI,33149,Paid
435,341,2023-02-09,Credit Card,0,Pending
436,189,2023-02-09,Credit Card,17109,Paid
437,444,2023-02-09,Credit Card,0,Failed
438,196,2023-02-09,Debit Card,17109,Paid
439,443,2023-02-09,Debit Card,0,Failed
440,35,2025-04-25,UPI,0,Pending
441,209,2023-02-09,UPI,0,Pending
442,414,2023-02-09,UPI,0,Failed
443,86,2022-03-01,Credit Card,0,Failed
444,519,2023-02-09,Debit Card,0,Failed
445,320,2023-02-09,Credit Card,17815,Paid
446,222,2023-02-09,Credit Card,0,Pending
447,110,2023-02-09,COD,17109,Paid
448,228,2023-02-09,Debit Card,0,Failed
449,254,2023-02-09,Credit Card,17815,Paid
450,500,2023-02-09,Debit Card,0,Pending
451,36,2021-08-11,Credit Card,0,Failed
452,142,2023-02-09,COD,17109,Paid
453,222,2023-02-09,Debit Card,0,Failed
454,130,2023-02-09,Debit Card,0,Pending
455,128,2023-02-09,COD,17109,Paid
456,106,2023-02-09,Debit Card,0,Pending
457,178,2023-02-09,Credit Card,17109,Paid
458,515,2023-02-09,UPI,8711,Paid
459,137,2023-02-09,COD,17109,Paid
460,225,2023-02-09,COD,0,Failed
461,453,2023-02-09,UPI,0,Pending
462,334,2023-02-09,COD,0,Failed
463,121,2023-02-09,Debit Card,17109,Paid
464,291,2023-02-09,UPI,17815,Paid
465,232,2023-02-09,Credit Card,0,Failed
466,288,2023-02-09,UPI,0,Failed
467,385,2023-02-09,Credit Card,0,Pending
468,377,2023-02-09,COD,0,Pending
469,16,2023-04-03,Credit Card,17700,Paid
470,364,2023-02-09,Debit Card,33149,Paid
471,3,2022-08-09,Credit Card,0,Failed
472,29,2021-02-27,COD,0,Pending
473,299,2023-02-09,UPI,17815,Paid
474,408,2023-02-09,Credit Card,25651,Paid
475,183,2023-02-09,COD,0,Failed
476,24,2023-01-29,COD,0,Pending
477,217,2023-02-09,UPI,0,Failed
478,123,2023-02-09,COD,0,Failed
479,168,2023-02-09,Debit Card,0,Pending
480,320,2023-02-09,UPI,0,Failed
481,267,2023-02-09,Credit Card,17815,Paid
482,178,2023-02-09,UPI,0,Failed
483,326,2023-02-09,Credit Card,17815,Paid
484,393,2023-02-09,Debit Card,25651,Paid
485,75,2025-02-25,COD,17700,Paid
486,105,2023-02-09,Credit Card,0,Failed
487,179,2023-02-09,UPI,0,Failed
488,123,2023-02-09,COD,0,Pending
489,307,2023-02-09,COD,0,Failed
490,481,2023-02-09,COD,8711,Paid
491,321,2023-02-09,COD,0,Pending
492,421,2023-02-09,Credit Card,0,Pending
493,324,2023-02-09,UPI,17815,Paid
494,355,2023-02-09,COD,0,Pending
495,71,2025-01-15,UPI,17700,Paid
496,334,2023-02-09,UPI,0,Failed
497,412,2023-02-09,COD,25651,Paid
498,287,2023-02-09,UPI,0,Failed
499,544,2023-02-09,COD,0,Pending
500,58,2025-02-17,Credit Card,0,Failed
501,266,2023-02-09,UPI,0,Failed
502,201,2023-02-09,UPI,0,Pending
503,359,2023-02-09,Credit Card,0,Failed
504,336,2023-02-09,UPI,0,Failed
505,103,2023-02-09,Credit Card,0,Failed
506,52,2021-01-31,COD,17700,Paid
507,540,2023-02-09,Credit Card,0,Failed
508,456,2023-02-09,UPI,25651,Paid
509,309,2023-02-09,Credit Card,0,Failed
510,328,2023-02-09,Credit Card,17815,Paid
511,363,2023-02-09,Credit Card,0,Failed
512,251,2023-02-09,Debit Card,0,Failed
513,374,2023-02-09,Credit Card,33149,Paid
514,208,2023-02-09,Debit Card,0,Failed
515,466,2023-02-09,UPI,0,Pending
516,427,2023-02-09,Credit Card,25651,Paid
517,471,2023-02-09,Debit Card,25651,Paid
518,489,2023-02-09,UPI,8711,Paid
519,513,2023-02-09,COD,0,Failed
520,263,2023-02-09,Debit Card,0,Failed
521,385,2023-02-09,Credit Card,25651,Paid
522,164,2023-02-09,Debit Card,0,Failed
523,307,2023-02-09,Credit Card,17815,Paid
524,16,2023-04-03,COD,0,Pending
525,30,2024-10-17,UPI,0,Pending
526,365,2023-02-09,Credit Card,33149,Paid
527,341,2023-02-09,Debit Card,17815,Paid
528,90,2024-04-05,Debit Card,17700,Paid
529,473,2023-02-09,Credit Card,0,Pending
530,222,2023-02-09,Debit Card,0,Failed
531,489,2023-02-09,Credit Card,8711,Paid
532,366,2023-02-09,Debit Card,0,Pending
533,193,2023-02-09,UPI,17109,Paid
534,452,2023-02-09,UPI,0,Failed
535,261,2023-02-09,Credit Card,0,Pending
536,198,2023-02-09,UPI,0,Pending
537,165,2023-02-09,Debit Card,0,Failed
538,134,2023-02-09,Credit Card,0,Failed
539,258,2023-02-09,COD,0,Pending
540,132,2023-02-09,COD,0,Failed
541,470,2023-02-09,COD,25651,Paid
542,473,2023-02-09,COD,25651,Paid
543,322,2023-02-09,Debit Card,0,Pending
544,288,2023-02-09,Credit Card,0,Failed
545,366,2023-02-09,COD,33149,Paid
546,275,2023-02-09,Debit Card,0,Failed
547,419,2023-02-09,UPI,0,Pending
548,459,2023-02-09,Debit Card,0,Pending
549,394,2023-02-09,Credit Card,25651,Paid
550,445,2023-02-09,UPI,25651,Paid
551,168,2023-02-09,COD,0,Pending
552,451,2023-02-09,UPI,0,Pending
553,102,2023-02-09,Credit Card,0,Failed
554,371,2023-02-09,UPI,0,Pending
555,183,2023-02-09,Credit Card,0,Pending
556,274,2023-02-09,Credit Card,0,Pending
557,57,2022-11-06,Credit Card,0,Pending
558,334,2023-02-09,UPI,17815,Paid
559,143,2023-02-09,Credit Card,17109,Paid
560,296,2023-02-09,Debit Card,17815,Paid
561,356,2023-02-09,Credit Card,0,Failed
562,254,2023-02-09,Credit Card,0,Pending
563,487,2023-02-09,COD,8711,Paid
564,7,2022-11-11,UPI,0,Pending
565,326,2023-02-09,Credit Card,0,Failed
566,305,2023-02-09,COD,17815,Paid
567,163,2023-02-09,UPI,0,Pending
568,251,2023-02-09,Debit Card,0,Pending
569,412,2023-02-09,COD,0,Failed
570,274,2023-02-09,Debit Card,0,Pending
571,485,2023-02-09,Debit Card,0,Pending
572,267,2023-02-09,Debit Card,0,Failed
573,340,2023-02-09,Credit Card,0,Failed
574,200,2023-02-09,Credit Card,17109,Paid
575,364,2023-02-09,UPI,0,Failed
576,538,2023-02-09,COD,0,Pending
577,171,2023-02-09,Credit Card,0,Pending
578,366,2023-02-09,COD,0,Pending
579,528,2023-02-09,Debit Card,0,Pending
580,294,2023-02-09,UPI,17815,Paid
581,36,2021-08-11,UPI,0,Pending
582,209,2023-02-09,Credit Card,0,Pending
583,185,2023-02-09,COD,0,Pending
584,441,2023-02-09,COD,25651,Paid
585,313,2023-02-09,Credit Card,0,Pending
586,104,2023-02-09,COD,0,Failed
587,61,2024-01-12,COD,17700,Paid
588,47,2021-08-10,Credit Card,0,Failed
589,71,2025-01-15,COD,0,Failed
590,495,2023-02-09,UPI,0,Pending
591,365,2023-02-09,UPI,0,Failed
592,201,2023-02-09,UPI,17109,Paid
593,379,2023-02-09,COD,0,Pending
594,50,2022-08-16,COD,0,Failed
595,517,2023-02-09,Debit Card,0,Failed
596,373,2023-02-09,Debit Card,33149,Paid
597,115,2023-02-09,COD,17109,Paid
598,379,2023-02-09,UPI,0,Pending
599,408,2023-02-09,Credit Card,0,Failed
600,196,2023-02-09,Debit Card,0,Failed
601,550,2023-02-09,UPI,0,Pending
602,311,2023-02-09,COD,0,Failed
603,259,2023-02-09,UPI,17815,Paid
604,137,2023-02-09,COD,0,Pending
605,81,2022-10-06,Debit Card,0,Failed
606,104,2023-02-09,Credit Card,17700,Paid
607,371,2023-02-09,COD,33149,Paid
608,180,2023-02-09,COD,0,Pending
609,402,2023-02-09,Debit Card,25651,Paid
610,294,2023-02-09,COD,0,Failed
611,12,2024-05-28,Credit Card,0,Failed
612,446,2023-02-09,COD,25651,Paid
613,318,2023-02-09,UPI,0,Pending
614,358,2023-02-09,Debit Card,0,Failed
615,223,2023-02-09,UPI,0,Pending
616,303,2023-02-09,UPI,0,Pending
617,45,2021-11-10,COD,17700,Paid
618,390,2023-02-09,Credit Card,0,Failed
619,353,2023-02-09,COD,0,Failed
620,9,2021-05-09,UPI,0,Pending
621,211,2023-02-09,Credit Card,0,Pending
622,517,2023-02-09,Debit Card,0,Pending
623,392,2023-02-09,Debit Card,25651,Paid
624,433,2023-02-09,Debit Card,25651,Paid
625,385,2023-02-09,Credit Card,25651,Paid
626,25,2021-11-12,COD,0,Failed
627,291,2023-02-09,Credit Card,0,Failed
628,97,2023-07-22,Credit Card,17700,Paid
629,288,2023-02-09,UPI,0,Failed
630,3,2022-08-09,UPI,0,Failed
631,367,2023-02-09,COD,0,Pending
632,181,2023-02-09,COD,0,Failed
633,33,2023-05-14,COD,0,Pending
634,354,2023-02-09,Debit Card,0,Pending
635,309,2023-02-09,UPI,0,Pending
636,474,2023-02-09,UPI,25651,Paid
637,27,2024-09-11,Debit Card,17700,Paid
638,327,2023-02-09,UPI,0,Failed
639,331,2023-02-09,UPI,0,Pending
640,381,2023-02-09,Debit Card,0,Failed
641,68,2022-08-24,UPI,0,Failed
642,79,2025-08-02,COD,0,Failed
643,224,2023-02-09,COD,0,Pending
644,22,2022-11-30,UPI,0,Failed
645,160,2023-02-09,Credit Card,0,Failed
646,372,2023-02-09,COD,0,Failed
647,346,2023-02-09,Credit Card,0,Pending
648,34,2025-07-13,COD,0,Pending
649,433,2023-02-09,COD,0,Pending
650,16,2023-04-03,UPI,17700,Paid
651,169,2023-02-09,COD,0,Pending
652,480,2023-02-09,Credit Card,0,Pending
653,149,2023-02-09,COD,0,Failed
654,364,2023-02-09,COD,0,Pending
655,364,2023-02-09,UPI,0,Failed
656,304,2023-02-09,Credit Card,0,Pending
657,56,2023-04-06,COD,17700,Paid
658,308,2023-02-09,Credit Card,0,Failed
659,264,2023-02-09,Credit Card,17815,Paid
660,477,2023-02-09,UPI,0,Failed
661,201,2023-02-09,COD,17109,Paid
662,408,2023-02-09,COD,25651,Paid
663,53,2025-07-12,COD,0,Pending
664,161,2023-02-09,UPI,0,Pending
665,46,2022-06-13,COD,0,Pending
666,179,2023-02-09,UPI,0,Pending
667,217,2023-02-09,Debit Card,0,Pending
668,229,2023-02-09,COD,17815,Paid
669,344,2023-02-09,Debit Card,17815,Paid
670,467,2023-02-09,Credit Card,0,Pending
671,183,2023-02-09,UPI,0,Failed
672,355,2023-02-09,COD,33149,Paid
673,280,2023-02-09,UPI,0,Pending
674,225,2023-02-09,Debit Card,17815,Paid
675,55,2024-06-11,UPI,0,Pending
676,54,2021-11-24,COD,0,Failed
677,212,2023-02-09,Debit Card,0,Failed
678,446,2023-02-09,Debit Card,25651,Paid
679,210,2023-02-09,COD,0,Pending
680,464,2023-02-09,UPI,0,Failed
681,291,2023-02-09,Debit Card,0,Pending
682,172,2023-02-09,Credit Card,0,Failed
683,521,2023-02-09,COD,0,Failed
684,457,2023-02-09,UPI,0,Pending
685,425,2023-02-09,COD,25651,Paid
686,287,2023-02-09,Credit Card,17815,Paid
687,221,2023-02-09,UPI,0,Pending
688,327,2023-02-09,COD,17815,Paid
689,432,2023-02-09,Debit Card,25651,Paid
690,69,2022-12-01,UPI,0,Pending
691,490,2023-02-09,COD,0,Pending
692,154,2023-02-09,Credit Card,0,Failed
693,10,2022-06-02,Debit Card,0,Failed
694,236,2023-02-09,COD,0,Failed
695,335,2023-02-09,Debit Card,17815,Paid
696,505,2023-02-09,UPI,0,Failed
697,544,2023-02-09,Credit Card,0,Pending
698,456,2023-02-09,Debit Card,0,Pending
699,134,2023-02-09,Credit Card,0,Pending
700,417,2023-02-09,Credit Card,0,Pending
701,3,2022-08-09,UPI,0,Failed
702,534,2023-02-09,Debit Card,0,Failed
703,374,2023-02-09,UPI,0,Failed
704,412,2023-02-09,Credit Card,0,Failed
705,188,2023-02-09,Debit Card,0,Pending
706,66,2023-04-08,UPI,17700,Paid
707,32,2022-11-20,UPI,17700,Paid
708,513,2023-02-09,UPI,0,Failed
709,473,2023-02-09,Credit Card,0,Failed
710,21,2024-02-02,Debit Card,0,Pending
711,66,2023-04-08,COD,0,Pending
712,367,2023-02-09,Credit Card,33149,Paid
713,98,2024-01-14,Credit Card,17700,Paid
714,156,2023-02-09,UPI,0,Pending
715,202,2023-02-09,UPI,17109,Paid
716,454,2023-02-09,UPI,25651,Paid
717,168,2023-02-09,Debit Card,17109,Paid
718,250,2023-02-09,Debit Card,0,Failed
719,521,2023-02-09,COD,0,Pending
720,41,2022-05-05,COD,0,Pending
721,248,2023-02-09,Debit Card,0,Failed
722,466,2023-02-09,Debit Card,0,Pending
723,251,2023-02-09,Debit Card,0,Pending
724,112,2023-02-09,Debit Card,0,Failed
725,76,2021-01-21,Debit Card,0,Pending
726,374,2023-02-09,UPI,0,Failed
727,147,2023-02-09,UPI,0,Failed
728,213,2023-02-09,COD,0,Pending
729,356,2023-02-09,Credit Card,33149,Paid
730,290,2023-02-09,Credit Card,0,Failed
731,470,2023-02-09,UPI,25651,Paid
732,18,2021-04-09,Debit Card,0,Pending
733,269,2023-02-09,Debit Card,0,Failed
734,345,2023-02-09,Credit Card,17815,Paid
735,533,2023-02-09,UPI,8711,Paid
736,500,2023-02-09,Credit Card,0,Pending
737,309,2023-02-09,Credit Card,0,Pending
738,207,2023-02-09,COD,17815,Paid
739,124,2023-02-09,UPI,0,Failed
740,318,2023-02-09,COD,17815,Paid
741,66,2023-04-08,UPI,17700,Paid
742,411,2023-02-09,Credit Card,0,Pending
743,487,2023-02-09,COD,0,Pending
744,61,2024-01-12,Credit Card,17700,Paid
745,56,2023-04-06,Credit Card,0,Pending
746,403,2023-02-09,UPI,25651,Paid
747,222,2023-02-09,Debit Card,17815,Paid
748,483,2023-02-09,UPI,0,Failed
749,71,2025-01-15,Debit Card,0,Failed
750,341,2023-02-09,Debit Card,0,Pending
751,307,2023-02-09,Debit Card,0,Pending
752,258,2023-02-09,UPI,0,Failed
753,439,2023-02-09,Debit Card,25651,Paid
754,138,2023-02-09,COD,17109,Paid
755,425,2023-02-09,COD,25651,Paid
756,523,2023-02-09,COD,0,Pending
757,514,2023-02-09,COD,8711,Paid
758,296,2023-02-09,Credit Card,0,Pending
759,270,2023-02-09,COD,0,Pending
760,38,2022-07-21,UPI,0,Failed
761,422,2023-02-09,COD,0,Failed
762,304,2023-02-09,COD,0,Pending
763,130,2023-02-09,COD,0,Failed
764,491,2023-02-09,UPI,8711,Paid
765,375,2023-02-09,UPI,33149,Paid
766,291,2023-02-09,COD,0,Failed
767,492,2023-02-09,COD,0,Pending
768,197,2023-02-09,UPI,0,Pending
769,173,2023-02-09,UPI,0,Pending
770,3,2022-08-09,Credit Card,0,Failed
771,239,2023-02-09,COD,0,Failed
772,279,2023-02-09,COD,0,Failed
773,375,2023-02-09,Debit Card,0,Pending
774,396,2023-02-09,Credit Card,25651,Paid
775,135,2023-02-09,UPI,0,Failed
776,81,2022-10-06,Debit Card,17700,Paid
777,6,2024-12-02,Credit Card,0,Failed
778,383,2023-02-09,Debit Card,11078,Paid
779,369,2023-02-09,COD,33149,Paid
780,80,2022-11-21,Debit Card,0,Failed
781,67,2021-07-30,UPI,0,Pending
782,205,2023-02-09,UPI,17109,Paid
783,503,2023-02-09,Credit Card,0,Failed
784,363,2023-02-09,Debit Card,33149,Paid
785,356,2023-02-09,Credit Card,0,Pending
786,506,2023-02-09,COD,8711,Paid
787,95,2023-11-06,COD,17700,Paid
788,16,2023-04-03,Debit Card,0,Failed
789,423,2023-02-09,COD,0,Pending
790,201,2023-02-09,Debit Card,17109,Paid
791,487,2023-02-09,Credit Card,0,Failed
792,220,2023-02-09,UPI,0,Failed
793,62,2024-05-26,Debit Card,0,Pending
794,33,2023-05-14,UPI,0,Failed
795,450,2023-02-09,Debit Card,0,Pending
796,525,2023-02-09,Debit Card,0,Failed
797,411,2023-02-09,Credit Card,0,Pending
798,33,2023-05-14,UPI,0,Pending
799,476,2023-02-09,UPI,0,Failed
800,192,2023-02-09,Debit Card,0,Failed
801,179,2023-02-09,Debit Card,0,Failed
802,32,2022-11-20,Debit Card,0,Failed
803,274,2023-02-09,Debit Card,0,Pending
804,178,2023-02-09,UPI,0,Failed
805,227,2023-02-09,COD,0,Failed
806,89,2024-12-16,Debit Card,0,Pending
807,420,2023-02-09,Debit Card,0,Failed
808,393,2023-02-09,UPI,25651,Paid
809,118,2023-02-09,Debit Card,0,Failed
810,156,2023-02-09,Debit Card,0,Pending
811,284,2023-02-09,Debit Card,0,Pending
812,53,2025-07-12,COD,17700,Paid
813,175,2023-02-09,COD,0,Failed
814,314,2023-02-09,Debit Card,17815,Paid
815,237,2023-02-09,COD,17815,Paid
816,285,2023-02-09,COD,17815,Paid
817,344,2023-02-09,Debit Card,0,Failed
818,241,2023-02-09,COD,17815,Paid
819,303,2023-02-09,UPI,17815,Paid
820,497,2023-02-09,COD,0,Failed
821,242,2023-02-09,Credit Card,17815,Paid
822,280,2023-02-09,UPI,0,Pending
823,283,2023-02-09,Debit Card,0,Pending
824,56,2023-04-06,Credit Card,17700,Paid
825,106,2023-02-09,COD,0,Pending
826,537,2023-02-09,Credit Card,0,Failed
827,345,2023-02-09,COD,0,Failed
828,335,2023-02-09,Debit Card,17815,Paid
829,303,2023-02-09,Debit Card,0,Pending
830,489,2023-02-09,COD,0,Pending
831,205,2023-02-09,COD,0,Failed
832,300,2023-02-09,COD,17815,Paid
833,415,2023-02-09,Debit Card,0,Failed
834,387,2023-02-09,Debit Card,25651,Paid
835,516,2023-02-09,UPI,0,Failed
836,290,2023-02-09,Debit Card,0,Failed
837,484,2023-02-09,COD,0,Failed
838,17,2025-04-20,COD,17700,Paid
839,310,2023-02-09,UPI,0,Pending
840,183,2023-02-09,Debit Card,0,Failed
841,343,2023-02-09,COD,0,Failed
842,424,2023-02-09,Credit Card,0,Failed
843,127,2023-02-09,COD,0,Failed
844,309,2023-02-09,UPI,17815,Paid
845,61,2024-01-12,Debit Card,0,Pending
846,502,2023-02-09,UPI,0,Failed
847,439,2023-02-09,Debit Card,25651,Paid
848,451,2023-02-09,COD,0,Pending
849,354,2023-02-09,Credit Card,0,Pending
850,124,2023-02-09,Debit Card,0,Failed
851,143,2023-02-09,UPI,17109,Paid
852,452,2023-02-09,Debit Card,25651,Paid
853,147,2023-02-09,Debit Card,0,Failed
854,209,2023-02-09,Debit Card,0,Failed
855,130,2023-02-09,COD,17109,Paid
856,55,2024-06-11,Credit Card,17700,Paid
857,299,2023-02-09,Credit Card,0,Pending
858,386,2023-02-09,Debit Card,0,Pending
859,250,2023-02-09,Debit Card,0,Pending
860,24,2023-01-29,Debit Card,0,Pending
861,15,2022-10-15,COD,17700,Paid
862,151,2023-02-09,Credit Card,0,Pending
863,340,2023-02-09,COD,0,Failed
864,66,2023-04-08,UPI,0,Pending
865,323,2023-02-09,UPI,17815,Paid
866,112,2023-02-09,Credit Card,0,Failed
867,92,2025-03-23,Credit Card,0,Failed
868,125,2023-02-09,UPI,0,Failed
869,191,2023-02-09,COD,0,Pending
870,104,2023-02-09,Credit Card,0,Failed
871,478,2023-02-09,Debit Card,8711,Paid
872,453,2023-02-09,Debit Card,25651,Paid
873,68,2022-08-24,UPI,0,Failed
874,57,2022-11-06,COD,0,Pending
875,29,2021-02-27,Credit Card,0,Failed
876,140,2023-02-09,Debit Card,0,Pending
877,208,2023-02-09,UPI,0,Failed
878,520,2023-02-09,Debit Card,0,Pending
879,40,2021-04-21,COD,17700,Paid
880,392,2023-02-09,UPI,25651,Paid
881,110,2023-02-09,COD,0,Pending
882,223,2023-02-09,Credit Card,0,Failed
883,516,2023-02-09,UPI,0,Pending
884,16,2023-04-03,UPI,0,Pending
885,103,2023-02-09,Debit Card,0,Failed
886,149,2023-02-09,UPI,17109,Paid
887,333,2023-02-09,UPI,0,Failed
888,54,2021-11-24,COD,0,Pending
889,335,2023-02-09,Credit Card,17815,Paid
890,169,2023-02-09,COD,17109,Paid
891,142,2023-02-09,Debit Card,17109,Paid
892,40,2021-04-21,COD,17700,Paid
893,357,2023-02-09,UPI,0,Failed
894,280,2023-02-09,COD,17815,Paid
895,424,2023-02-09,UPI,0,Pending
896,343,2023-02-09,UPI,0,Failed
897,60,2021-02-13,UPI,17700,Paid
898,325,2023-02-09,COD,17815,Paid
899,392,2023-02-09,Debit Card,0,Pending
900,435,2023-02-09,Credit Card,25651,Paid
901,341,2023-02-09,UPI,17815,Paid
902,369,2023-02-09,Debit Card,0,Pending
903,493,2023-02-09,Credit Card,8711,Paid
904,156,2023-02-09,Debit Card,0,Failed
905,440,2023-02-09,Debit Card,0,Failed
906,127,2023-02-09,Debit Card,0,Failed
907,38,2022-07-21,Credit Card,0,Failed
908,50,2022-08-16,COD,0,Pending
909,323,2023-02-09,COD,0,Pending
910,327,2023-02-09,UPI,0,Failed
911,10,2022-06-02,UPI,0,Failed
912,9,2021-05-09,COD,0,Failed
913,159,2023-02-09,UPI,17109,Paid
914,442,2023-02-09,UPI,0,Pending
915,180,2023-02-09,UPI,17109,Paid
916,80,2022-11-21,UPI,0,Pending
917,413,2023-02-09,Credit Card,0,Failed
918,459,2023-02-09,COD,0,Failed
919,404,2023-02-09,COD,0,Pending
920,234,2023-02-09,Credit Card,0,Pending
921,485,2023-02-09,Credit Card,8711,Paid
922,287,2023-02-09,UPI,0,Pending
923,72,2024-06-22,Debit Card,0,Pending
924,273,2023-02-09,COD,0,Pending
925,301,2023-02-09,Credit Card,0,Failed
926,277,2023-02-09,Credit Card,17815,Paid
927,94,2022-12-04,Debit Card,17700,Paid
928,69,2022-12-01,UPI,0,Pending
929,401,2023-02-09,Debit Card,0,Pending
930,169,2023-02-09,Credit Card,17109,Paid
931,315,2023-02-09,Debit Card,0,Failed
932,195,2023-02-09,UPI,17109,Paid
933,222,2023-02-09,Credit Card,0,Pending
934,114,2023-02-09,COD,17109,Paid
935,34,2025-07-13,COD,17700,Paid
936,74,2021-04-16,Debit Card,0,Failed
937,110,2023-02-09,Debit Card,17109,Paid
938,7,2022-11-11,UPI,0,Failed
939,204,2023-02-09,Credit Card,17109,Paid
940,353,2023-02-09,COD,0,Pending
941,145,2023-02-09,Credit Card,0,Pending
942,545,2023-02-09,COD,0,Failed
943,380,2023-02-09,UPI,0,Pending
944,262,2023-02-09,COD,0,Failed
945,231,2023-02-09,Credit Card,0,Pending
946,430,2023-02-09,Credit Card,0,Pending
947,340,2023-02-09,Debit Card,0,Pending
948,174,2023-02-09,COD,0,Pending
949,498,2023-02-09,Credit Card,8711,Paid
950,351,2023-02-09,COD,0,Failed
951,276,2023-02-09,UPI,0,Pending
952,36,2021-08-11,Debit Card,17700,Paid
953,389,2023-02-09,COD,0,Pending
954,424,2023-02-09,COD,0,Failed
955,54,2021-11-24,UPI,0,Pending
956,159,2023-02-09,UPI,0,Failed
957,204,2023-02-09,Credit Card,17109,Paid
958,228,2023-02-09,UPI,17815,Paid
959,47,2021-08-10,UPI,0,Pending
960,180,2023-02-09,COD,17109,Paid
961,110,2023-02-09,Debit Card,0,Failed
962,105,2023-02-09,Debit Card,0,Failed
963,494,2023-02-09,UPI,8711,Paid
964,346,2023-02-09,UPI,0,Pending
965,87,2021-08-17,COD,17700,Paid
966,322,2023-02-09,COD,0,Failed
967,384,2023-02-09,Debit Card,0,Pending
968,191,2023-02-09,UPI,0,Pending
969,179,2023-02-09,Debit Card,0,Pending
970,299,2023-02-09,Credit Card,0,Failed
971,104,2023-02-09,Debit Card,0,Pending
972,435,2023-02-09,COD,0,Failed
973,302,2023-02-09,UPI,0,Failed
974,228,2023-02-09,Credit Card,17815,Paid
975,465,2023-02-09,Debit Card,0,Pending
976,179,2023-02-09,UPI,0,Failed
977,49,2022-04-07,Credit Card,0,Pending
978,136,2023-02-09,Debit Card,17109,Paid
979,5,2023-01-15,Debit Card,0,Failed
980,2,2023-03-05,Credit Card,0,Pending
981,285,2023-02-09,UPI,0,Pending
982,67,2021-07-30,COD,0,Pending
983,177,2023-02-09,Debit Card,0,Pending
984,380,2023-02-09,UPI,33149,Paid
985,549,2023-02-09,Credit Card,0,Failed
986,520,2023-02-09,Credit Card,0,Pending
987,108,2023-02-09,Credit Card,0,Failed
988,466,2023-02-09,UPI,25651,Paid
989,216,2023-02-09,Credit Card,0,Failed
990,93,2025-04-09,Debit Card,17700,Paid
991,394,2023-02-09,UPI,0,Pending
992,310,2023-02-09,Credit Card,0,Pending
993,107,2023-02-09,Debit Card,0,Pending
994,92,2025-03-23,COD,17700,Paid
995,475,2023-02-09,Debit Card,0,Pending
996,284,2023-02-09,Credit Card,0,Failed
997,503,2023-02-09,Credit Card,0,Pending
998,328,2023-02-09,Debit Card,17815,Paid
999,67,2021-07-30,Credit Card,17700,Paid
1000,532,2023-02-09,UPI,0,Pending
