product_id,name,category,sub_category,brand,unit_price,stock_quantity,status,added_date
1,Sesame Garlic Stir-Fry Sauce,Beauty,Cream,Midel,6222,573,Discontinued,2020-12-06
2,Adjustable Resistance Bands,Home,Laptop,Trunyx,8835,934,Discontinued,2020-12-09
3,Pineapple Coconut Rice Mix,Electronics,Shirt,JumpXS,6191,425,Discontinued,2020-12-09
4,BBQ Lentil Chips,Electronics,Shirt,Gabspot,9800,885,Available,2020-12-08
5,Tahini,Beauty,Laptop,Trupe,4830,924,Available,2020-12-17
6,Air Purifier,Apparel,Sofa,Skiptube,5579,965,Discontinued,2020-12-27
7,Denim Jacket,Home,Shirt,Twitterwire,3593,901,Discontinued,2020-12-11
8,Oats,Apparel,Shirt,Blognation,1151,332,Discontinued,2020-12-27
9,Portable Solar Camp Shower,Apparel,Sofa,Zoozzy,8099,599,Available,2020-12-27
10,Classic BBQ Sauce,Electronics,Shirt,Devify,8699,373,Discontinued,2020-12-20
11,Rustic Wooden Picture Frame,Apparel,Sofa,Kwimbee,9860,379,Discontinued,2020-12-27
12,Repair Tool Set for Home Improvement,Home,Laptop,Ozu,155,470,Available,2020-12-18
13,Cocktail Shaker and Mixing Glass Set,Beauty,Sofa,Yodoo,6340,351,Discontinued,2020-12-21
14,Mini Projector for Smartphones,Beauty,Shirt,Tekfly,5587,217,Discontinued,2020-12-30
15,Beef Jerky,Electronics,Cream,Yombu,1793,957,Discontinued,2020-12-14
16,Frozen Salmon Filets,Electronics,Shirt,Dabfeed,7171,753,Available,2020-12-16
17,Sweet Chili Sauce,Apparel,Shirt,Tagtune,6431,206,Available,2020-12-22
18,Smoked Gouda Cheese,Electronics,Shirt,Zooveo,8718,734,Available,2020-12-05
19,Portable Charcoal Grill,Home,Sofa,Yodel,8284,446,Available,2020-12-05
20,Active Racerback Tank,Beauty,Sofa,Mynte,855,528,Discontinued,2020-12-11
21,Creamy Coleslaw Mix,Beauty,Sofa,Feedbug,9228,172,Available,2020-12-15
22,Basketball,Home,Laptop,Kwimbee,9065,467,Discontinued,2020-12-09
23,Silicone Baking Mats,Electronics,Sofa,Linktype,4459,144,Available,2020-12-08
24,Wild Rice Pilaf,Home,Laptop,JumpXS,9357,14,Discontinued,2020-12-02
25,Classic Chicken Noodle Soup,Apparel,Laptop,Tagopia,3690,932,Discontinued,2020-12-13
26,Jennifer's Amazing Lip Balm Kit,Home,Shirt,Twitterbeat,8330,22,Discontinued,2020-12-13
27,Chickpea Pasta,Home,Laptop,Realfire,1601,814,Discontinued,2020-12-29
28,Diced Tomatoes (canned),Apparel,Laptop,Oba,2319,287,Discontinued,2020-12-30
29,Almond Joy Protein Bars,Apparel,Sofa,Janyx,3364,742,Available,2020-12-27
30,Garlic Herb Grilled Chicken,Apparel,Sofa,Thoughtmix,8568,13,Available,2020-12-18
31,Rice Pudding,Home,Laptop,Twitterlist,5529,801,Available,2020-12-03
32,Hibiscus Herbal Tea,Apparel,Shirt,Realbridge,5943,697,Discontinued,2020-12-01
33,Oven-Baked Potato Chips,Home,Shirt,Zoonoodle,7110,101,Available,2020-12-07
34,Elegant Maxi Skirt,Home,Sofa,InnoZ,5412,419,Available,2020-12-12
35,Kids' Outdoor Explorer Kit,Electronics,Cream,Thoughtstorm,8061,382,Available,2020-12-16
36,Repair Tool Set for Home Improvement,Apparel,Cream,Roombo,9714,908,Available,2020-12-07
37,Almond Flour Cookies,Electronics,Sofa,Cogidoo,9042,187,Discontinued,2020-12-07
38,Car Vacuum Cleaner,Home,Sofa,Browsezoom,5171,537,Available,2020-12-18
39,Peach Green Tea,Apparel,Laptop,Dabtype,3317,572,Discontinued,2020-12-01
40,Pasta Salad Kit,Beauty,Sofa,Ailane,3628,302,Discontinued,2020-12-29
41,Rechargeable Electric Screwdriver,Home,Shirt,Feedbug,2197,453,Discontinued,2020-12-19
42,Relaxed Fit Henley Shirt,Apparel,Laptop,Realbuzz,5662,219,Discontinued,2020-12-30
43,Raisin Cinnamon Granola,Home,Cream,Mydeo,7033,412,Discontinued,2020-12-12
44,Gardening Tool Belt,Home,Shirt,Abata,8469,705,Discontinued,2020-12-20
45,Kids' Science Experiment Kit,Home,Sofa,Trudoo,489,303,Discontinued,2020-12-30
46,Sliced Provolone Cheese,Electronics,Shirt,Camimbo,2106,327,Available,2020-12-23
47,Over-the-Door Hooks,Beauty,Laptop,Miboo,2235,253,Available,2020-12-29
48,Classic Minestrone Soup,Electronics,Cream,Roomm,5419,481,Available,2020-12-12
49,Margherita Pizza,Beauty,Laptop,Skaboo,7060,327,Discontinued,2020-12-04
50,Vegetable Spring Rolls,Electronics,Cream,Youfeed,9180,829,Available,2020-12-05
51,Creamy Avocado Dip,Apparel,Shirt,Gabcube,6531,476,Discontinued,2020-12-06
52,Personal Blender with Travel Cup,Home,Laptop,Dynazzy,892,557,Available,2020-12-21
53,Craft Beer Mustard,Home,Sofa,Oozz,1544,922,Discontinued,2020-12-17
54,Beard Grooming Kit,Home,Laptop,Devpulse,3211,381,Available,2020-12-06
55,Spicy Roasted Nuts,Electronics,Shirt,Skalith,641,145,Discontinued,2020-12-22
56,Vegetable Stock,Apparel,Shirt,Agimba,5972,467,Available,2020-12-08
57,Coconut Curry Lentil Soup,Apparel,Sofa,Lazz,1046,247,Available,2020-12-15
58,Fitness Smartwatch,Beauty,Shirt,Zoombeat,3529,868,Discontinued,2020-12-15
59,Sun-Dried Tomato Pesto,Home,Laptop,Janyx,9236,69,Available,2020-12-18
60,Almond Butter Cookies,Electronics,Laptop,Zoombox,4994,389,Available,2020-12-04
61,Sports Windbreaker,Electronics,Laptop,Wikibox,223,754,Discontinued,2020-12-13
62,Lentil Soup,Beauty,Sofa,Mydo,1106,826,Discontinued,2020-12-30
63,Coconut Flakes,Electronics,Laptop,Realcube,909,40,Discontinued,2020-12-06
64,Cocktail Shaker and Mixing Glass Set,Apparel,Sofa,Flashspan,6134,518,Available,2020-12-07
65,Gardening Tool Belt,Electronics,Cream,Mymm,2510,452,Available,2020-12-02
66,Peanut Butter Protein Balls,Electronics,Cream,Edgewire,3779,798,Discontinued,2020-12-07
67,Robot Vacuum Cleaner,Apparel,Shirt,Wordtune,7442,955,Discontinued,2020-12-18
68,Compact Shoe Rack,Home,Shirt,Kayveo,9113,963,Available,2020-12-13
69,Stuffed Peppers with Quinoa,Electronics,Laptop,Edgewire,2443,163,Discontinued,2020-12-10
70,Organic Honeycrisp Apples,Home,Cream,Topdrive,7893,344,Available,2020-12-21
71,Wireless Music Receiver,Apparel,Sofa,Meevee,3183,345,Available,2020-12-02
72,Stainless Steel Travel Mug,Beauty,Shirt,Jatri,8843,904,Available,2020-12-02
73,Spicy Kimchi,Home,Sofa,Voolia,3184,97,Discontinued,2020-12-06
74,Air Purifier,Apparel,Cream,Gigazoom,2902,474,Discontinued,2020-12-10
75,Lemon Herb Chicken,Apparel,Sofa,Feedbug,2512,192,Discontinued,2020-12-16
76,Maple Syrup,Beauty,Laptop,LiveZ,7392,520,Discontinued,2020-12-12
77,Flavored Instant Oatmeal,Apparel,Shirt,Demizz,3245,474,Discontinued,2020-12-19
78,Watercolor Set,Electronics,Sofa,Voonix,423,784,Available,2020-12-09
79,Ramen Noodles,Apparel,Laptop,Skalith,2372,940,Discontinued,2020-12-23
80,Cinnamon Sugar Mix,Apparel,Sofa,Quimba,2190,237,Available,2020-12-07
81,Smartphone Gimbal Stabilizer,Beauty,Cream,Edgeclub,1604,689,Discontinued,2020-12-20
82,Spicy Tuna Salad,Beauty,Cream,Vimbo,6366,22,Discontinued,2020-12-27
83,Smart Wi-Fi Light Bulbs,Home,Laptop,Topiczoom,5895,201,Available,2020-12-09
84,Rustic Italian Breads,Home,Sofa,Jabberstorm,6931,579,Available,2020-12-11
85,Fishing Tackle Box,Electronics,Cream,Bubblemix,2165,835,Available,2020-12-05
86,Air Fryer Oven,Apparel,Shirt,Flipbug,8259,839,Discontinued,2020-12-06
87,Electric Heating Pad,Electronics,Laptop,Katz,1001,972,Available,2020-12-28
88,Robot Vacuum Cleaner,Apparel,Cream,Quinu,9703,566,Discontinued,2020-12-17
89,Black Bean & Corn Salad,Electronics,Sofa,Devpulse,4603,542,Available,2020-12-28
90,Gluten-Free Brownies,Electronics,Sofa,Avamba,9795,150,Discontinued,2020-12-04
91,Maple Pecan Granola,Beauty,Sofa,Skidoo,8632,565,Available,2020-12-25
92,Knitted Infinity Scarf,Electronics,Sofa,Agimba,5345,562,Available,2020-12-16
93,Cinnamon Raisin Bagels,Beauty,Sofa,Avamm,9067,421,Discontinued,2020-12-21
94,Electric Opener for Jars and Bottles,Beauty,Laptop,Digitube,4746,636,Available,2020-12-25
95,Chocolate Fudge Ice Cream,Beauty,Laptop,Rhycero,2444,13,Available,2020-12-09
96,Vegan chocolate chip cookies,Beauty,Cream,Reallinks,663,64,Available,2020-12-25
97,Scented Candles,Home,Cream,Rhybox,4924,660,Available,2020-12-15
98,Salt and Pepper Grinder Set,Electronics,Sofa,Gigaclub,2211,468,Available,2020-12-27
99,Wrap Jumpsuit,Apparel,Shirt,Plambee,1143,997,Discontinued,2020-12-06
100,Bamboo Toothbrush Holder,Electronics,Sofa,Oozz,4730,791,Available,2020-12-11
101,Basmati Rice,Home,Cream,Linkbuzz,3885,587,Discontinued,2020-12-19
102,Whole Grain Hamburger Buns,Beauty,Cream,Tagtune,9077,215,Available,2020-12-30
103,Electric Rice Cooker,Electronics,Shirt,Twimbo,5945,39,Discontinued,2020-12-17
104,Mediterranean Chickpea Salad,Beauty,Sofa,Tavu,1192,954,Discontinued,2020-12-01
105,Yoga Strap,Electronics,Cream,Tagcat,8078,901,Discontinued,2020-12-25
106,Corn Tortillas,Electronics,Cream,Zoomcast,1430,837,Discontinued,2020-12-07
107,Plant-Based Meal Prep Containers,Beauty,Laptop,Janyx,3408,153,Discontinued,2020-12-27
108,Customizable Photo Calendar,Beauty,Laptop,Buzzster,5875,532,Available,2020-12-12
109,Dried Apricots,Apparel,Shirt,Vidoo,9549,345,Available,2020-12-06
110,Smart Light Bulbs,Home,Sofa,Zoonder,3025,932,Available,2020-12-19
111,Fresh Basil,Apparel,Cream,Voonte,5955,681,Discontinued,2020-12-17
112,Phone Case,Electronics,Laptop,Edgepulse,3845,746,Available,2020-12-30
113,Wall Planner,Apparel,Laptop,Tazz,8529,954,Available,2020-12-04
114,Cacao Nibs,Electronics,Laptop,Topicware,7251,467,Available,2020-12-03
115,Sliced Olives,Electronics,Sofa,Yoveo,8833,657,Available,2020-12-16
116,Cordless Water Flosser,Apparel,Shirt,Riffpath,5270,63,Available,2020-12-05
117,LED Makeup Mirror,Home,Laptop,Brightbean,6377,613,Discontinued,2020-12-12
118,Coconut Granola,Apparel,Cream,Eadel,1796,421,Available,2020-12-09
119,Coconut Bowls Set,Home,Laptop,Jayo,2846,939,Available,2020-12-04
120,Adjustable Height Standing Desk Converter,Home,Sofa,Wikizz,9273,176,Discontinued,2020-12-30
121,Fresh Basil,Beauty,Cream,Fiveclub,6600,501,Discontinued,2020-12-28
122,Smart Air Purifier,Home,Cream,Dabvine,4700,558,Available,2020-12-01
123,Vacuum Sealer Machine,Home,Sofa,Gigabox,4669,954,Available,2020-12-26
124,Ergonomic Mouse Pad with Wrist Support,Home,Sofa,Linktype,542,791,Discontinued,2020-12-22
125,Apple Juice,Electronics,Laptop,Blogpad,9680,770,Available,2020-12-27
126,Plant Growing Kit,Beauty,Cream,Rhyzio,4271,457,Available,2020-12-06
127,High-Quality Yoga Block,Apparel,Laptop,Meejo,9796,377,Available,2020-12-22
128,Protein Bar Variety Pack,Home,Laptop,Bluezoom,1269,256,Available,2020-12-17
129,Coloring Books for Adults,Electronics,Shirt,Wikibox,4023,464,Available,2020-12-11
130,Over-Ear Headphones,Electronics,Laptop,Gabspot,9336,193,Available,2020-12-01
131,Chili Lime Corn Chips,Apparel,Sofa,JumpXS,6953,661,Available,2020-12-29
132,Pumpkin Puree,Electronics,Sofa,Devpoint,7787,393,Discontinued,2020-12-01
133,Pasta (Fusilli),Home,Shirt,Jabbersphere,9157,825,Available,2020-12-11
134,Stainless Steel Grater,Beauty,Sofa,Camido,6212,480,Discontinued,2020-12-07
135,Fleece Throw Blanket,Apparel,Shirt,Chatterpoint,5799,78,Available,2020-12-22
136,Tofu,Beauty,Shirt,Feedspan,5237,72,Available,2020-12-18
137,Silicone Baking Molds,Apparel,Sofa,Zoomcast,7063,149,Discontinued,2020-12-03
138,Sliced Provolone Cheese,Apparel,Cream,Photospace,6473,550,Discontinued,2020-12-06
139,Wireless Earbud Silicone Covers,Electronics,Shirt,Vipe,3201,135,Available,2020-12-22
140,Savory Pumpkin Soup,Home,Cream,Cogidoo,4223,686,Available,2020-12-03
141,Aeropress Coffee Maker,Electronics,Shirt,Avamm,1324,846,Available,2020-12-06
142,Guitar Tuner,Home,Shirt,Fivebridge,9607,418,Available,2020-12-08
143,Honey Mustard Dip,Home,Laptop,Skippad,5230,633,Available,2020-12-14
144,Adjustable Laptop Desk,Home,Sofa,Yozio,3063,172,Available,2020-12-21
145,Black Bean & Corn Salad,Home,Laptop,Yadel,9758,514,Discontinued,2020-12-14
146,Apple Cinnamon Oatmeal,Beauty,Cream,Dabfeed,7125,93,Available,2020-12-19
147,Canvas Wall Art,Home,Sofa,Aimbo,9743,425,Available,2020-12-17
148,Low-Fat Cottage Cheese,Electronics,Sofa,Oyoloo,8426,139,Available,2020-12-26
149,Vegetable Stir Fry Mix,Apparel,Sofa,Zoomdog,7791,837,Available,2020-12-15
150,Sparkling Blood Orange Soda,Apparel,Cream,Oyoyo,1806,990,Discontinued,2020-12-03
151,Roasted Red Pepper Dip,Home,Sofa,Livetube,2764,778,Discontinued,2020-12-06
152,Self-Cleaning Water Bottle,Home,Cream,Rhyzio,4984,526,Discontinued,2020-12-01
153,Vegetarian Stir Fry Sauce,Home,Shirt,Talane,8351,440,Discontinued,2020-12-06
154,Poppy Seed Dressing,Electronics,Shirt,Topicblab,324,737,Available,2020-12-19
155,Eco-Friendly Disposable Plates,Home,Laptop,Kare,8020,399,Available,2020-12-14
156,Pepper Jack Cheese Slices,Home,Laptop,Leexo,3014,493,Discontinued,2020-12-30
157,Digital Kitchen Timer,Home,Laptop,Jatri,9887,533,Available,2020-12-24
158,Ice Cream Scoop,Beauty,Shirt,Yabox,8086,980,Discontinued,2020-12-25
159,Personal Safety Alarm,Home,Cream,Centizu,9199,846,Available,2020-12-30
160,Vegan Chocolate Cake Mix,Beauty,Sofa,Wordify,2903,586,Discontinued,2020-12-06
161,Portable USB-C Monitor,Home,Cream,Twitterwire,9276,728,Discontinued,2020-12-11
162,Peach Mango Smoothie Mix,Electronics,Sofa,Jatri,6764,630,Available,2020-12-13
163,Classic White T-Shirt,Apparel,Shirt,Centimia,9360,559,Available,2020-12-24
164,Almond Butter,Electronics,Shirt,Kwinu,227,925,Discontinued,2020-12-07
165,Rechargeable Laptop Battery Pack,Apparel,Laptop,Wordpedia,1077,124,Discontinued,2020-12-06
166,Frozen Edamame,Beauty,Sofa,Snaptags,7673,468,Available,2020-12-23
167,Weighted Blanket,Home,Laptop,Dynava,7299,621,Available,2020-12-18
168,Decorative Wall Tapestry,Beauty,Shirt,Buzzdog,2895,590,Discontinued,2020-12-03
169,Maple Syrup,Beauty,Cream,Skippad,5776,901,Discontinued,2020-12-26
170,Insulated Coffee Mug,Beauty,Cream,Thoughtstorm,3390,153,Discontinued,2020-12-04
171,Caribbean Jerk Marinade,Apparel,Shirt,Edgeclub,6634,65,Discontinued,2020-12-08
172,Kids' Trampoline,Home,Laptop,Thoughtstorm,1203,538,Discontinued,2020-12-24
173,Pet Camera with Treat Dispenser,Apparel,Shirt,Jayo,3458,587,Discontinued,2020-12-07
174,Coconut Flakes,Apparel,Laptop,Mymm,6544,318,Discontinued,2020-12-18
175,Organic Coconut Oil,Apparel,Cream,Meevee,7494,696,Available,2020-12-16
176,Wireless Security System,Home,Sofa,Skimia,8066,120,Discontinued,2020-12-01
177,Honey Mustard Chicken Breasts,Electronics,Shirt,Thoughtblab,1504,155,Available,2020-12-19
178,Dog Frisbee Toy,Electronics,Sofa,Browsecat,6947,634,Available,2020-12-24
179,Kids' Crafting Station,Home,Cream,Skibox,895,126,Available,2020-12-03
180,Spiced Pumpkin Soup,Beauty,Shirt,Devpulse,1815,771,Available,2020-12-09
181,Portable Speaker Stand,Apparel,Laptop,Dabfeed,8514,498,Discontinued,2020-12-08
182,Pleated Midi Dress,Electronics,Sofa,Avamm,5478,468,Available,2020-12-15
183,Sliced Cucumbers,Electronics,Laptop,Photospace,9744,97,Available,2020-12-17
184,Toasted Coconut Granola,Electronics,Shirt,Kanoodle,2134,986,Available,2020-12-08
185,Whole Roasted Chicken,Apparel,Cream,Youspan,9047,632,Discontinued,2020-12-02
186,Compact Pop-Up Tent,Electronics,Shirt,Einti,8098,808,Available,2020-12-19
187,Pet Camera with Treat Dispenser,Beauty,Sofa,Gabspot,6073,524,Available,2020-12-25
188,Frozen Acai Pur√©e,Electronics,Cream,Miboo,7112,182,Available,2020-12-20
189,Portable Solar Phone Charger,Electronics,Laptop,Dynabox,1705,786,Available,2020-12-27
190,Coconut Granola,Home,Sofa,Ainyx,3188,309,Discontinued,2020-12-17
191,Mango Chutney,Apparel,Cream,Myworks,5757,695,Available,2020-12-08
192,Fitness Activity Journal,Beauty,Sofa,Buzzster,1704,27,Discontinued,2020-12-19
193,Ricotta Cheese,Electronics,Shirt,Plambee,9712,780,Available,2020-12-14
194,Sriracha Sauce,Beauty,Shirt,Oyope,4940,483,Discontinued,2020-12-17
195,Nut Mix,Home,Laptop,Skynoodle,6889,22,Discontinued,2020-12-23
196,Electric Egg Cooker,Home,Cream,Avaveo,141,317,Available,2020-12-26
197,Two-Tier Fruit Basket,Electronics,Shirt,Fivechat,2619,557,Discontinued,2020-12-14
198,Electric Screwdriver,Apparel,Laptop,Midel,3699,239,Discontinued,2020-12-26
199,Pepper Jack Cheese Sticks,Beauty,Cream,Kayveo,2784,912,Discontinued,2020-12-19
200,Athletic Sports Bra,Home,Shirt,Tagtune,4939,82,Available,2020-12-08
201,Black Bean Soup,Beauty,Shirt,Kwimbee,4088,417,Discontinued,2020-12-17
202,Digital Bullet Journal,Apparel,Sofa,Voolia,4287,628,Discontinued,2020-12-23
203,Handheld Vacuum,Apparel,Cream,Yodoo,1890,75,Discontinued,2020-12-26
204,Fruit and Nut Energy Bites,Apparel,Laptop,Twitterbeat,8980,747,Discontinued,2020-12-16
205,Magnetic Spice Containers,Home,Sofa,Realcube,9774,207,Discontinued,2020-12-11
206,Miso Soup Starter,Home,Sofa,Lazzy,3629,623,Available,2020-12-12
207,Maple Breakfast Sausage,Electronics,Cream,Buzzshare,4248,634,Available,2020-12-20
208,Luxury Rolling Makeup Case,Beauty,Sofa,Fanoodle,8639,64,Discontinued,2020-12-18
209,Handmade Leather Journal,Electronics,Cream,Tagopia,9838,114,Discontinued,2020-12-18
210,Magnetic Puzzle Board,Electronics,Cream,Yodo,2499,478,Discontinued,2020-12-21
211,Spinach and Feta Wraps,Home,Sofa,Buzzster,4019,370,Available,2020-12-21
212,Travel Luggage Scale,Apparel,Shirt,Talane,9731,433,Discontinued,2020-12-02
213,Streaming Device,Home,Laptop,Skipstorm,2505,500,Available,2020-12-25
214,Outdoor Sports Backpack,Apparel,Laptop,Twitterwire,9954,853,Available,2020-12-02
215,LED Christmas Tree Lights,Beauty,Sofa,Brainbox,7865,36,Discontinued,2020-12-08
216,Rechargeable Battery Organizer,Home,Cream,Meedoo,5955,954,Discontinued,2020-12-21
217,Miso Soup Starter,Apparel,Sofa,Zazio,8090,271,Discontinued,2020-12-29
218,Kids' Gardening Kit,Apparel,Sofa,Topiclounge,7910,100,Discontinued,2020-12-28
219,Whole Wheat Pita Bread,Electronics,Shirt,Mynte,3338,140,Available,2020-12-03
220,Baked Potato Chips,Apparel,Cream,Realmix,984,550,Discontinued,2020-12-18
221,Buffalo Cauliflower Wings,Home,Shirt,Skyvu,616,159,Discontinued,2020-12-07
222,Multifunctional Pocket Tool,Electronics,Sofa,Eamia,9391,932,Available,2020-12-27
223,Chocolate Mint Thins,Beauty,Shirt,Talane,2323,113,Available,2020-12-17
224,Honey Roasted Chickpeas,Electronics,Shirt,Kazio,7015,882,Discontinued,2020-12-13
225,Air Purifier,Beauty,Shirt,Babbleset,9425,578,Available,2020-12-29
226,Lemon Herb Chicken,Beauty,Sofa,Janyx,9337,326,Available,2020-12-14
227,Coconut Chia Seed Pudding,Apparel,Sofa,Cogibox,5435,19,Discontinued,2020-12-25
228,Fitness Smartwatch,Apparel,Sofa,Jabbercube,2687,664,Discontinued,2020-12-18
229,Fitness Jump Rope,Apparel,Laptop,Fatz,9133,314,Available,2020-12-12
230,Trail Mix (Deluxe),Beauty,Shirt,Wordify,1656,278,Available,2020-12-13
231,Spicy Italian Sausage,Electronics,Shirt,Wordtune,2850,150,Discontinued,2020-12-08
232,Desk Lamp with USB Port,Electronics,Laptop,Realbuzz,7324,454,Available,2020-12-07
233,Cheese Stuffed Jalapenos,Electronics,Cream,Twitterbeat,7305,899,Available,2020-12-02
234,Magnetic Chess Set,Electronics,Laptop,Agivu,3285,286,Discontinued,2020-12-07
235,Dried Apricots,Home,Sofa,Browsecat,4663,136,Discontinued,2020-12-28
236,Sculpting Kit,Apparel,Cream,Devify,4681,263,Available,2020-12-04
237,Video Camera,Beauty,Cream,Quimba,7286,390,Discontinued,2020-12-29
238,Organic Fruit Salad,Apparel,Laptop,Riffwire,3822,129,Available,2020-12-09
239,Antique Style Clock,Beauty,Cream,Divape,402,908,Discontinued,2020-12-30
240,Aeropress Coffee Maker,Apparel,Cream,Kanoodle,9962,354,Discontinued,2020-12-20
241,Garlic Parmesan Wings,Apparel,Cream,Aimbu,9947,156,Available,2020-12-27
242,Summer Tank Dress,Electronics,Shirt,Thoughtblab,736,254,Available,2020-12-11
243,Strawberry Rhubarb Jam,Electronics,Cream,Riffpedia,9416,686,Discontinued,2020-12-04
244,Cotton Basic Tank,Electronics,Cream,Flashpoint,903,504,Available,2020-12-29
245,Frozen Berry Medley,Beauty,Cream,Gabspot,7275,952,Available,2020-12-05
246,Inflatable Party Cooler,Home,Sofa,Quimba,5612,938,Available,2020-12-19
247,A-Line Skirt,Home,Laptop,Twitterbridge,8788,433,Available,2020-12-02
248,Wireless Earbuds Case,Beauty,Cream,Realmix,4458,432,Available,2020-12-13
249,Rechargeable Hand Warmer,Home,Cream,Ozu,916,794,Discontinued,2020-12-10
250,Maple Pecan Pancake Mix,Home,Sofa,Skynoodle,3717,83,Discontinued,2020-12-25
251,Chipotle Seasoning Blend,Home,Laptop,Skimia,7389,836,Discontinued,2020-12-10
252,Outdoor Portable Fire Pit,Apparel,Shirt,Riffwire,2639,353,Available,2020-12-26
253,Fishing Tackle Box,Home,Laptop,Eazzy,5242,234,Discontinued,2020-12-11
254,Natural Soy Candles,Electronics,Shirt,Topiczoom,3523,828,Available,2020-12-04
255,Cheesy Broccoli Soup Mix,Beauty,Laptop,Devbug,4863,410,Discontinued,2020-12-03
256,Sunflower Seeds,Electronics,Sofa,Voonyx,5307,712,Discontinued,2020-12-26
257,Tabletop Fire Pit,Apparel,Sofa,Edgewire,9621,971,Discontinued,2020-12-30
258,Blackberry Compote,Beauty,Shirt,Livefish,6699,108,Discontinued,2020-12-01
259,Cinnamon Rolls,Beauty,Sofa,Rhyloo,5222,410,Discontinued,2020-12-26
260,Taro Chips,Beauty,Cream,Chatterpoint,1225,694,Available,2020-12-09
261,Stainless Steel Straws,Electronics,Cream,Devpulse,123,555,Discontinued,2020-12-28
262,Toilet Paper (12 rolls),Home,Shirt,Riffpath,5650,615,Discontinued,2020-12-11
263,Dog Training Collar,Home,Sofa,Babbleopia,989,975,Discontinued,2020-12-26
264,Sliced Bread,Beauty,Sofa,Quinu,5431,785,Discontinued,2020-12-09
265,Interactive Plush Toy,Home,Shirt,Ooba,5081,147,Available,2020-12-18
266,Kettle Chip Variety Pack,Electronics,Cream,Feedfire,747,998,Available,2020-12-12
267,Smart Light Bulbs,Beauty,Shirt,Buzzshare,5038,276,Available,2020-12-11
268,Cranberry Almond Cookies,Home,Cream,Quimm,3267,189,Discontinued,2020-12-16
269,Portable SSD,Beauty,Cream,Ailane,9873,739,Discontinued,2020-12-15
270,Rechargeable Laptop Battery Pack,Apparel,Shirt,Wikido,3956,598,Available,2020-12-13
271,Kombucha Drink,Beauty,Sofa,Skinder,3180,535,Available,2020-12-20
272,Coconut Flakes,Apparel,Sofa,Skinder,7542,761,Available,2020-12-25
273,Tomato Basil Pasta Sauce,Beauty,Shirt,Jazzy,5399,602,Available,2020-12-18
274,Roasted Red Pepper Dip,Apparel,Sofa,Gabtune,7577,537,Discontinued,2020-12-25
275,Bird Feeder,Electronics,Laptop,Mymm,6584,229,Discontinued,2020-12-06
276,Electric Rice Cooker,Home,Sofa,Avamba,487,879,Available,2020-12-23
277,Sriracha Hot Chili Sauce,Apparel,Laptop,Riffpedia,788,822,Discontinued,2020-12-26
278,Silicone Baking Mat,Apparel,Cream,Skiba,9868,631,Available,2020-12-09
279,Pepperoni Pizza Roll-Ups,Home,Cream,Gigabox,1538,912,Available,2020-12-15
280,Cranberry Orange Oatmeal,Apparel,Shirt,Browseblab,9577,582,Discontinued,2020-12-12
281,Vanilla Ice Cream,Electronics,Shirt,Centizu,6250,147,Available,2020-12-15
282,Essential Oil Roller Bottles,Beauty,Sofa,Cogilith,5023,266,Discontinued,2020-12-26
283,Reversible Swimming Pool Lounger,Beauty,Cream,Realmix,3983,649,Available,2020-12-08
284,Thai Red Curry Paste,Beauty,Shirt,Skajo,6906,454,Discontinued,2020-12-28
285,Chocolate Chip Energy Balls,Beauty,Shirt,Oyope,8894,381,Discontinued,2020-12-04
286,Scented Candle Set,Home,Cream,Tavu,4002,432,Discontinued,2020-12-08
287,Scent Diffuser,Apparel,Laptop,Dynazzy,3737,904,Available,2020-12-05
288,Home Brewing Starter Kit,Home,Shirt,Skinder,375,941,Discontinued,2020-12-06
289,Inspirational Wall Art,Home,Laptop,Mybuzz,1389,642,Available,2020-12-21
290,Memory Card,Beauty,Shirt,Buzzster,6337,586,Available,2020-12-02
291,Carrot Sticks,Electronics,Laptop,Skipfire,3980,480,Available,2020-12-30
292,Travel Jewelry Organizer,Home,Sofa,Feedbug,9773,172,Available,2020-12-26
293,Sports Bottle,Home,Sofa,Blognation,6957,665,Discontinued,2020-12-28
294,Coffee Maker,Beauty,Cream,Bubbletube,1474,388,Discontinued,2020-12-30
295,Wine Decanter,Beauty,Laptop,Flashspan,3503,129,Available,2020-12-16
296,Wall-Mounted Organizer,Electronics,Shirt,Brainlounge,9937,663,Discontinued,2020-12-01
297,Marinara Sauce,Electronics,Shirt,Dabshots,3978,598,Discontinued,2020-12-06
298,Beef Tacos,Electronics,Shirt,Blogtags,6355,622,Discontinued,2020-12-06
299,Pet Bed,Beauty,Sofa,Dynava,2640,700,Discontinued,2020-12-18
300,Tomatillo Salsa,Home,Sofa,Yoveo,6558,287,Available,2020-12-17
